score_id,prediction_id,event_id,theory_key,theory_name,horizon,predicted_direction,realized_direction,is_flat,is_win,is_foreign_event,scored_at
01afe23f-fcb2-4d,a5f218d4-0feb-48,b187655c6069359d,upper_echelons,Upper Echelons Theory,3,neutral,negative,False,False,False,2026-06-21T17:24:47.211314Z
9c94aeee-cda9-42,35e4e5ee-17f6-46,b187655c6069359d,agency_ceo,Agency Theory (CEO Turnover),3,neutral,negative,False,False,False,2026-06-21T17:24:47.211335Z
bb4093f7-bfb7-4d,0e722efe-fc7c-41,b187655c6069359d,disruption_ceo,Disruption / Instability View (CEO),3,negative,negative,False,True,False,2026-06-21T17:24:47.211352Z
8bda8f62-6409-4b,a5f218d4-0feb-48,b187655c6069359d,upper_echelons,Upper Echelons Theory,10,neutral,negative,False,False,False,2026-06-21T17:24:48.257846Z
07ec6d93-42d6-49,35e4e5ee-17f6-46,b187655c6069359d,agency_ceo,Agency Theory (CEO Turnover),10,neutral,negative,False,False,False,2026-06-21T17:24:48.257868Z
6dfadf49-7243-44,0e722efe-fc7c-41,b187655c6069359d,disruption_ceo,Disruption / Instability View (CEO),10,negative,negative,False,True,False,2026-06-21T17:24:48.257882Z
2c89a66a-9318-40,e1895c45-7eb0-4d,e9c4fa0b31a990fa,upper_echelons,Upper Echelons Theory,3,neutral,negative,False,False,False,2026-06-21T17:24:49.052755Z
34ea8f6d-2850-4b,3ca03d90-86f1-4c,e9c4fa0b31a990fa,agency_ceo,Agency Theory (CEO Turnover),3,positive,negative,False,False,False,2026-06-21T17:24:49.052774Z
b536544a-f93d-4d,0b406ed7-51ce-4a,e9c4fa0b31a990fa,disruption_ceo,Disruption / Instability View (CEO),3,negative,negative,False,True,False,2026-06-21T17:24:49.052788Z
375158ff-ca04-45,e1895c45-7eb0-4d,e9c4fa0b31a990fa,upper_echelons,Upper Echelons Theory,10,neutral,negative,False,False,False,2026-06-21T17:24:50.052515Z
bad739aa-abe7-43,3ca03d90-86f1-4c,e9c4fa0b31a990fa,agency_ceo,Agency Theory (CEO Turnover),10,positive,negative,False,False,False,2026-06-21T17:24:50.052535Z
6f022fae-f3eb-42,0b406ed7-51ce-4a,e9c4fa0b31a990fa,disruption_ceo,Disruption / Instability View (CEO),10,negative,negative,False,True,False,2026-06-21T17:24:50.052548Z
6e3e3d0c-dc77-4f,ca81020a-9045-40,7ff12c3ca59782de,upper_echelons,Upper Echelons Theory,3,neutral,negative,False,False,False,2026-06-21T17:24:50.764849Z
51dd1db8-65d6-46,433260be-86b3-4a,7ff12c3ca59782de,agency_ceo,Agency Theory (CEO Turnover),3,neutral,negative,False,False,False,2026-06-21T17:24:50.764867Z
0309c7a2-4d4d-44,f3ddfbdf-3c13-4e,7ff12c3ca59782de,disruption_ceo,Disruption / Instability View (CEO),3,negative,negative,False,True,False,2026-06-21T17:24:50.764880Z
aeea1d3d-624d-46,ca81020a-9045-40,7ff12c3ca59782de,upper_echelons,Upper Echelons Theory,10,neutral,negative,False,False,False,2026-06-21T17:24:51.711060Z
b82e26c4-04ae-44,433260be-86b3-4a,7ff12c3ca59782de,agency_ceo,Agency Theory (CEO Turnover),10,neutral,negative,False,False,False,2026-06-21T17:24:51.711078Z
466f2739-4127-48,f3ddfbdf-3c13-4e,7ff12c3ca59782de,disruption_ceo,Disruption / Instability View (CEO),10,negative,negative,False,True,False,2026-06-21T17:24:51.711092Z
83175728-3762-4d,1c4ea946-76c1-4e,e21ad5896c760dcb,upper_echelons,Upper Echelons Theory,3,neutral,neutral,True,False,False,2026-06-21T17:24:52.518742Z
34ad78d6-031a-4a,ac67df9f-8a4c-42,e21ad5896c760dcb,agency_ceo,Agency Theory (CEO Turnover),3,neutral,neutral,True,False,False,2026-06-21T17:24:52.518761Z
c0df4f30-e57b-4e,211a1fee-44db-4f,e21ad5896c760dcb,disruption_ceo,Disruption / Instability View (CEO),3,neutral,neutral,True,False,False,2026-06-21T17:24:52.518774Z
40c351ac-98f3-49,1c4ea946-76c1-4e,e21ad5896c760dcb,upper_echelons,Upper Echelons Theory,10,neutral,neutral,True,False,False,2026-06-21T17:24:53.692948Z
2634f656-70ca-4b,ac67df9f-8a4c-42,e21ad5896c760dcb,agency_ceo,Agency Theory (CEO Turnover),10,neutral,neutral,True,False,False,2026-06-21T17:24:53.692967Z
cae68dbf-4a94-4b,211a1fee-44db-4f,e21ad5896c760dcb,disruption_ceo,Disruption / Instability View (CEO),10,neutral,neutral,True,False,False,2026-06-21T17:24:53.692978Z
ba2b16e1-39de-4f,e5674c19-e2f2-4b,d1df2345e71f3956,upper_echelons,Upper Echelons Theory,3,neutral,positive,False,False,False,2026-06-21T17:24:54.390660Z
db42b465-0321-49,3ce4e844-8b1a-4f,d1df2345e71f3956,agency_ceo,Agency Theory (CEO Turnover),3,neutral,positive,False,False,False,2026-06-21T17:24:54.390679Z
f2b165c2-43c4-45,e3f4aa06-5d08-4c,d1df2345e71f3956,disruption_ceo,Disruption / Instability View (CEO),3,negative,positive,False,False,False,2026-06-21T17:24:54.390692Z
db4e534f-9c5d-42,e5674c19-e2f2-4b,d1df2345e71f3956,upper_echelons,Upper Echelons Theory,10,neutral,positive,False,False,False,2026-06-21T17:24:55.409673Z
11ec94f8-f999-41,3ce4e844-8b1a-4f,d1df2345e71f3956,agency_ceo,Agency Theory (CEO Turnover),10,neutral,positive,False,False,False,2026-06-21T17:24:55.409698Z
5f35b6b7-458a-4f,e3f4aa06-5d08-4c,d1df2345e71f3956,disruption_ceo,Disruption / Instability View (CEO),10,negative,positive,False,False,False,2026-06-21T17:24:55.409716Z
7deec71b-33ed-4f,562e4fd1-11f2-4f,0508e906f712608f,upper_echelons,Upper Echelons Theory,3,neutral,positive,False,False,False,2026-06-21T17:24:56.936972Z
a5b899fc-534a-46,4d8cda36-dde0-4c,0508e906f712608f,agency_ceo,Agency Theory (CEO Turnover),3,positive,positive,False,True,False,2026-06-21T17:24:56.936991Z
0489c424-5625-44,52de2e38-c1c4-44,0508e906f712608f,disruption_ceo,Disruption / Instability View (CEO),3,negative,positive,False,False,False,2026-06-21T17:24:56.937006Z
ad010a9d-a606-44,562e4fd1-11f2-4f,0508e906f712608f,upper_echelons,Upper Echelons Theory,10,neutral,positive,False,False,False,2026-06-21T17:24:58.153534Z
33f43fdf-73e5-45,4d8cda36-dde0-4c,0508e906f712608f,agency_ceo,Agency Theory (CEO Turnover),10,positive,positive,False,True,False,2026-06-21T17:24:58.153554Z
06cb3392-50fc-48,52de2e38-c1c4-44,0508e906f712608f,disruption_ceo,Disruption / Instability View (CEO),10,negative,positive,False,False,False,2026-06-21T17:24:58.153569Z
107e4324-327c-4a,5fcae219-87c2-44,e45c87e134103427,upper_echelons,Upper Echelons Theory,3,neutral,positive,False,False,False,2026-06-21T17:24:58.897980Z
291d93e8-18c4-47,246b7e2c-29c7-4b,e45c87e134103427,agency_ceo,Agency Theory (CEO Turnover),3,neutral,positive,False,False,False,2026-06-21T17:24:58.898012Z
6c09530e-18a1-49,340e22b4-f4d7-44,e45c87e134103427,disruption_ceo,Disruption / Instability View (CEO),3,negative,positive,False,False,False,2026-06-21T17:24:58.898025Z
dedfe4db-c39f-42,5fcae219-87c2-44,e45c87e134103427,upper_echelons,Upper Echelons Theory,10,neutral,positive,False,False,False,2026-06-21T17:25:00.097796Z
0c018daa-b447-4f,246b7e2c-29c7-4b,e45c87e134103427,agency_ceo,Agency Theory (CEO Turnover),10,neutral,positive,False,False,False,2026-06-21T17:25:00.097819Z
a306044f-2182-45,340e22b4-f4d7-44,e45c87e134103427,disruption_ceo,Disruption / Instability View (CEO),10,negative,positive,False,False,False,2026-06-21T17:25:00.097835Z
65f11172-5538-40,3304c0fa-c34c-44,64ecf031f7470b44,upper_echelons,Upper Echelons Theory,3,neutral,negative,False,False,False,2026-06-21T17:25:00.353422Z
5bd44d3a-fda4-4c,46979189-5cb9-47,64ecf031f7470b44,agency_ceo,Agency Theory (CEO Turnover),3,positive,negative,False,False,False,2026-06-21T17:25:00.353438Z
a2538a58-5101-4b,45e63839-53c0-47,64ecf031f7470b44,disruption_ceo,Disruption / Instability View (CEO),3,negative,negative,False,True,False,2026-06-21T17:25:00.353450Z
0bdb64e5-c051-49,3304c0fa-c34c-44,64ecf031f7470b44,upper_echelons,Upper Echelons Theory,10,neutral,neutral,True,False,False,2026-06-21T17:25:01.284851Z
3e7d58b0-bb4c-44,46979189-5cb9-47,64ecf031f7470b44,agency_ceo,Agency Theory (CEO Turnover),10,positive,neutral,True,False,False,2026-06-21T17:25:01.284873Z
a29d3b10-982d-44,45e63839-53c0-47,64ecf031f7470b44,disruption_ceo,Disruption / Instability View (CEO),10,negative,neutral,True,False,False,2026-06-21T17:25:01.284887Z
47f30eb7-8520-47,76e8d100-a26a-46,dd430c105206dd25,upper_echelons,Upper Echelons Theory,3,neutral,negative,False,False,False,2026-06-21T17:25:02.468318Z
384056e4-0393-43,20be13f0-5bc1-49,dd430c105206dd25,agency_ceo,Agency Theory (CEO Turnover),3,positive,negative,False,False,False,2026-06-21T17:25:02.468346Z
d99437cb-b717-4a,e1229f93-d48c-43,dd430c105206dd25,disruption_ceo,Disruption / Instability View (CEO),3,negative,negative,False,True,False,2026-06-21T17:25:02.468363Z
7084c485-741f-43,76e8d100-a26a-46,dd430c105206dd25,upper_echelons,Upper Echelons Theory,10,neutral,negative,False,False,False,2026-06-21T17:25:03.777537Z
d1ed7444-53ca-46,20be13f0-5bc1-49,dd430c105206dd25,agency_ceo,Agency Theory (CEO Turnover),10,positive,negative,False,False,False,2026-06-21T17:25:03.777571Z
582bffa7-8bc7-4d,e1229f93-d48c-43,dd430c105206dd25,disruption_ceo,Disruption / Instability View (CEO),10,negative,negative,False,True,False,2026-06-21T17:25:03.777592Z
17494e0b-3ced-48,8105296a-24b5-42,ef8cd410fe1815b9,upper_echelons,Upper Echelons Theory,3,neutral,positive,False,False,False,2026-06-21T17:25:04.104886Z
f76b9210-659f-47,6e6f5d7f-fda6-48,ef8cd410fe1815b9,agency_ceo,Agency Theory (CEO Turnover),3,positive,positive,False,True,False,2026-06-21T17:25:04.104906Z
96873c55-3dcf-4e,f059bf60-9b6c-40,ef8cd410fe1815b9,disruption_ceo,Disruption / Instability View (CEO),3,negative,positive,False,False,False,2026-06-21T17:25:04.104919Z
a4c984f9-16f3-48,8105296a-24b5-42,ef8cd410fe1815b9,upper_echelons,Upper Echelons Theory,10,neutral,positive,False,False,False,2026-06-21T17:25:05.168939Z
9e93937c-61d3-44,6e6f5d7f-fda6-48,ef8cd410fe1815b9,agency_ceo,Agency Theory (CEO Turnover),10,positive,positive,False,True,False,2026-06-21T17:25:05.168964Z
aa5efedd-6093-42,f059bf60-9b6c-40,ef8cd410fe1815b9,disruption_ceo,Disruption / Instability View (CEO),10,negative,positive,False,False,False,2026-06-21T17:25:05.168981Z
73a2bf24-6888-42,1d7c7d47-6643-45,1b7a21f505d84052,upper_echelons,Upper Echelons Theory,3,neutral,positive,False,False,False,2026-06-21T17:25:06.468626Z
b030196a-c750-41,8267195c-4460-4d,1b7a21f505d84052,agency_ceo,Agency Theory (CEO Turnover),3,positive,positive,False,True,False,2026-06-21T17:25:06.468658Z
ef4a8408-04e2-4b,2fc6558d-dad9-43,1b7a21f505d84052,disruption_ceo,Disruption / Instability View (CEO),3,negative,positive,False,False,False,2026-06-21T17:25:06.468679Z
8535f856-7224-4a,1d7c7d47-6643-45,1b7a21f505d84052,upper_echelons,Upper Echelons Theory,10,neutral,positive,False,False,False,2026-06-21T17:25:07.216665Z
66439fb7-98e6-4b,8267195c-4460-4d,1b7a21f505d84052,agency_ceo,Agency Theory (CEO Turnover),10,positive,positive,False,True,False,2026-06-21T17:25:07.216697Z
96f7d61b-e7ee-46,2fc6558d-dad9-43,1b7a21f505d84052,disruption_ceo,Disruption / Instability View (CEO),10,negative,positive,False,False,False,2026-06-21T17:25:07.216715Z
12e65408-b8c3-44,480471f6-e5d1-4a,0c88b7ad3aefb3e1,upper_echelons,Upper Echelons Theory,3,neutral,negative,False,False,False,2026-06-21T17:25:08.007490Z
dc67c8f1-4db1-4f,cea1cc84-328b-4e,0c88b7ad3aefb3e1,agency_ceo,Agency Theory (CEO Turnover),3,positive,negative,False,False,False,2026-06-21T17:25:08.007516Z
045a59a7-d365-4b,538f2c7e-48ee-44,0c88b7ad3aefb3e1,disruption_ceo,Disruption / Instability View (CEO),3,negative,negative,False,True,False,2026-06-21T17:25:08.007531Z
48acd607-38e4-4e,480471f6-e5d1-4a,0c88b7ad3aefb3e1,upper_echelons,Upper Echelons Theory,10,neutral,positive,False,False,False,2026-06-21T17:25:09.250786Z
3f35e0c7-014b-47,cea1cc84-328b-4e,0c88b7ad3aefb3e1,agency_ceo,Agency Theory (CEO Turnover),10,positive,positive,False,True,False,2026-06-21T17:25:09.250814Z
068eb0c4-cffe-46,538f2c7e-48ee-44,0c88b7ad3aefb3e1,disruption_ceo,Disruption / Instability View (CEO),10,negative,positive,False,False,False,2026-06-21T17:25:09.250832Z
31677997-2f59-4c,acea7379-4d78-46,a99949bc3ad44dbf,upper_echelons,Upper Echelons Theory,3,neutral,negative,False,False,False,2026-06-21T17:25:10.696895Z
309ad95d-ba0f-41,625bad63-756d-4a,a99949bc3ad44dbf,agency_ceo,Agency Theory (CEO Turnover),3,neutral,negative,False,False,False,2026-06-21T17:25:10.696910Z
2835c6d0-45f0-40,b73a23e7-fd83-47,a99949bc3ad44dbf,disruption_ceo,Disruption / Instability View (CEO),3,negative,negative,False,True,False,2026-06-21T17:25:10.696922Z
1c953f37-bebc-46,acea7379-4d78-46,a99949bc3ad44dbf,upper_echelons,Upper Echelons Theory,10,neutral,negative,False,False,False,2026-06-21T17:25:11.618235Z
97b622a9-aa08-4c,625bad63-756d-4a,a99949bc3ad44dbf,agency_ceo,Agency Theory (CEO Turnover),10,neutral,negative,False,False,False,2026-06-21T17:25:11.618256Z
4fd9931e-9937-46,b73a23e7-fd83-47,a99949bc3ad44dbf,disruption_ceo,Disruption / Instability View (CEO),10,negative,negative,False,True,False,2026-06-21T17:25:11.618268Z
df225b96-1eb5-42,b3210b5c-d4ca-4e,c3b614936426d113,upper_echelons,Upper Echelons Theory,3,neutral,negative,False,False,False,2026-06-21T17:25:12.581050Z
118d2247-9aa1-45,2a3dda45-a970-4b,c3b614936426d113,agency_ceo,Agency Theory (CEO Turnover),3,positive,negative,False,False,False,2026-06-21T17:25:12.581071Z
ab48a0af-4540-46,99cba5b0-ff36-49,c3b614936426d113,disruption_ceo,Disruption / Instability View (CEO),3,negative,negative,False,True,False,2026-06-21T17:25:12.581084Z
7aba9177-49da-47,b3210b5c-d4ca-4e,c3b614936426d113,upper_echelons,Upper Echelons Theory,10,neutral,negative,False,False,False,2026-06-21T17:25:13.401111Z
5d34ae79-c82a-43,2a3dda45-a970-4b,c3b614936426d113,agency_ceo,Agency Theory (CEO Turnover),10,positive,negative,False,False,False,2026-06-21T17:25:13.401126Z
1d4f0e77-530f-4e,99cba5b0-ff36-49,c3b614936426d113,disruption_ceo,Disruption / Instability View (CEO),10,negative,negative,False,True,False,2026-06-21T17:25:13.401134Z
ae77bd5b-4f7f-47,2c8d650a-6c3c-4c,23c37cb3989b5d11,upper_echelons,Upper Echelons Theory,3,neutral,positive,False,False,False,2026-06-21T17:25:13.888807Z
270bb76a-3984-4f,610b8128-ab2e-4c,23c37cb3989b5d11,agency_ceo,Agency Theory (CEO Turnover),3,positive,positive,False,True,False,2026-06-21T17:25:13.888825Z
9571bcb8-b3f7-4e,2c56cbf6-f669-4b,23c37cb3989b5d11,disruption_ceo,Disruption / Instability View (CEO),3,negative,positive,False,False,False,2026-06-21T17:25:13.888838Z
ddddaff1-4dec-43,2c8d650a-6c3c-4c,23c37cb3989b5d11,upper_echelons,Upper Echelons Theory,10,neutral,positive,False,False,False,2026-06-21T17:25:14.846369Z
1f5c3b96-6a63-42,610b8128-ab2e-4c,23c37cb3989b5d11,agency_ceo,Agency Theory (CEO Turnover),10,positive,positive,False,True,False,2026-06-21T17:25:14.846391Z
6e857690-37c7-44,2c56cbf6-f669-4b,23c37cb3989b5d11,disruption_ceo,Disruption / Instability View (CEO),10,negative,positive,False,False,False,2026-06-21T17:25:14.846405Z
8ccb2314-cd65-41,a01b340d-af28-4f,54b60aa0c49c0950,upper_echelons,Upper Echelons Theory,3,neutral,negative,False,False,False,2026-06-21T17:25:16.017390Z
5a081cf1-8c73-40,4880673b-38a9-47,54b60aa0c49c0950,agency_ceo,Agency Theory (CEO Turnover),3,positive,negative,False,False,False,2026-06-21T17:25:16.017418Z
86a3382b-5750-49,30c57219-e44f-43,54b60aa0c49c0950,disruption_ceo,Disruption / Instability View (CEO),3,negative,negative,False,True,False,2026-06-21T17:25:16.017436Z
3df4830e-64db-47,a01b340d-af28-4f,54b60aa0c49c0950,upper_echelons,Upper Echelons Theory,10,neutral,negative,False,False,False,2026-06-21T17:25:16.732804Z
32956693-2346-4b,4880673b-38a9-47,54b60aa0c49c0950,agency_ceo,Agency Theory (CEO Turnover),10,positive,negative,False,False,False,2026-06-21T17:25:16.732829Z
b413bd39-8ee4-4f,30c57219-e44f-43,54b60aa0c49c0950,disruption_ceo,Disruption / Instability View (CEO),10,negative,negative,False,True,False,2026-06-21T17:25:16.732842Z
3d1f113a-a3a9-4c,e40dde6d-93db-43,c75aa0abde5f4abf,upper_echelons,Upper Echelons Theory,3,positive,neutral,True,False,False,2026-06-21T17:25:17.046701Z
1c9645fb-89e5-42,13083e46-32fb-45,c75aa0abde5f4abf,agency_ceo,Agency Theory (CEO Turnover),3,neutral,neutral,True,False,False,2026-06-21T17:25:17.046720Z
2fd26c9a-5173-46,6c6b738d-6b2a-42,c75aa0abde5f4abf,disruption_ceo,Disruption / Instability View (CEO),3,negative,neutral,True,False,False,2026-06-21T17:25:17.046731Z
d72d8425-5104-41,e40dde6d-93db-43,c75aa0abde5f4abf,upper_echelons,Upper Echelons Theory,10,positive,positive,False,True,False,2026-06-21T17:25:18.033254Z
66b3fbfd-aaf0-45,13083e46-32fb-45,c75aa0abde5f4abf,agency_ceo,Agency Theory (CEO Turnover),10,neutral,positive,False,False,False,2026-06-21T17:25:18.033285Z
abe2adfd-4556-45,6c6b738d-6b2a-42,c75aa0abde5f4abf,disruption_ceo,Disruption / Instability View (CEO),10,negative,positive,False,False,False,2026-06-21T17:25:18.033303Z
e36b8bfb-7d35-44,4d70f92f-4688-4c,7bd07de0a3c1897b,upper_echelons,Upper Echelons Theory,3,neutral,neutral,True,False,False,2026-06-21T17:25:19.033158Z
ce061282-8b0f-44,a872c9de-e7a3-46,7bd07de0a3c1897b,agency_ceo,Agency Theory (CEO Turnover),3,positive,neutral,True,False,False,2026-06-21T17:25:19.033180Z
77020e4f-4ebb-49,14052cf6-9fb9-48,7bd07de0a3c1897b,disruption_ceo,Disruption / Instability View (CEO),3,negative,neutral,True,False,False,2026-06-21T17:25:19.033193Z
c44a683b-f12d-49,4d70f92f-4688-4c,7bd07de0a3c1897b,upper_echelons,Upper Echelons Theory,10,neutral,negative,False,False,False,2026-06-21T17:25:20.253847Z
f53b1644-dc0c-4e,a872c9de-e7a3-46,7bd07de0a3c1897b,agency_ceo,Agency Theory (CEO Turnover),10,positive,negative,False,False,False,2026-06-21T17:25:20.253874Z
dfaf2a7e-35e5-40,14052cf6-9fb9-48,7bd07de0a3c1897b,disruption_ceo,Disruption / Instability View (CEO),10,negative,negative,False,True,False,2026-06-21T17:25:20.253896Z
3dfc497d-b551-46,a89b6a7b-fb6d-44,e0b32f309f6294f5,upper_echelons,Upper Echelons Theory,3,neutral,positive,False,False,False,2026-06-21T17:25:20.543934Z
d771b797-c37a-4c,920e0962-8dec-40,e0b32f309f6294f5,agency_ceo,Agency Theory (CEO Turnover),3,neutral,positive,False,False,False,2026-06-21T17:25:20.543954Z
befd5bb1-3a04-48,819487fb-2877-43,e0b32f309f6294f5,disruption_ceo,Disruption / Instability View (CEO),3,negative,positive,False,False,False,2026-06-21T17:25:20.543967Z
4ea491b3-8012-44,a89b6a7b-fb6d-44,e0b32f309f6294f5,upper_echelons,Upper Echelons Theory,10,neutral,positive,False,False,False,2026-06-21T17:25:21.527085Z
760bdd99-a457-49,920e0962-8dec-40,e0b32f309f6294f5,agency_ceo,Agency Theory (CEO Turnover),10,neutral,positive,False,False,False,2026-06-21T17:25:21.527110Z
aadd0042-eb2f-4c,819487fb-2877-43,e0b32f309f6294f5,disruption_ceo,Disruption / Instability View (CEO),10,negative,positive,False,False,False,2026-06-21T17:25:21.527125Z
1f093a97-6119-45,46f98602-eb6a-4f,af8630f690d63542,upper_echelons,Upper Echelons Theory,3,neutral,negative,False,False,False,2026-06-21T17:25:22.062313Z
46e3436a-cbe0-4f,4c997a4f-1d4a-42,af8630f690d63542,agency_ceo,Agency Theory (CEO Turnover),3,positive,negative,False,False,False,2026-06-21T17:25:22.062329Z
d896ae33-e179-44,9f6ed490-6ac8-4c,af8630f690d63542,disruption_ceo,Disruption / Instability View (CEO),3,negative,negative,False,True,False,2026-06-21T17:25:22.062339Z
80260e53-6028-4b,46f98602-eb6a-4f,af8630f690d63542,upper_echelons,Upper Echelons Theory,10,neutral,negative,False,False,False,2026-06-21T17:25:22.973411Z
5ad81a63-8d17-49,4c997a4f-1d4a-42,af8630f690d63542,agency_ceo,Agency Theory (CEO Turnover),10,positive,negative,False,False,False,2026-06-21T17:25:22.973434Z
ad2c9a9d-9357-48,9f6ed490-6ac8-4c,af8630f690d63542,disruption_ceo,Disruption / Instability View (CEO),10,negative,negative,False,True,False,2026-06-21T17:25:22.973447Z
2225e2ee-e2b4-4b,07b74050-3370-40,6bfa3698aac22abd,upper_echelons,Upper Echelons Theory,3,neutral,neutral,True,False,False,2026-06-21T17:25:24.016567Z
59b9deb0-87f4-41,80ca107c-6ee4-45,6bfa3698aac22abd,agency_ceo,Agency Theory (CEO Turnover),3,positive,neutral,True,False,False,2026-06-21T17:25:24.016591Z
8b6aa266-1f01-4e,0ed0dfed-bc98-4e,6bfa3698aac22abd,disruption_ceo,Disruption / Instability View (CEO),3,negative,neutral,True,False,False,2026-06-21T17:25:24.016608Z
089fe17f-0514-4f,07b74050-3370-40,6bfa3698aac22abd,upper_echelons,Upper Echelons Theory,10,neutral,neutral,True,False,False,2026-06-21T17:25:24.794806Z
ffc85740-d335-4b,80ca107c-6ee4-45,6bfa3698aac22abd,agency_ceo,Agency Theory (CEO Turnover),10,positive,neutral,True,False,False,2026-06-21T17:25:24.794828Z
2bef3877-e929-46,0ed0dfed-bc98-4e,6bfa3698aac22abd,disruption_ceo,Disruption / Instability View (CEO),10,negative,neutral,True,False,False,2026-06-21T17:25:24.794848Z
dc525928-06f6-4b,324e2313-b3ae-47,56de9da2e8644793,upper_echelons,Upper Echelons Theory,3,positive,positive,False,True,False,2026-06-21T17:25:25.999725Z
fbe2e85c-16e5-47,f0a26a8d-9ba3-4d,56de9da2e8644793,agency_ceo,Agency Theory (CEO Turnover),3,neutral,positive,False,False,False,2026-06-21T17:25:25.999748Z
aae8f477-82f9-42,9f5f9676-378c-4c,56de9da2e8644793,disruption_ceo,Disruption / Instability View (CEO),3,negative,positive,False,False,False,2026-06-21T17:25:25.999762Z
1cd977f0-fedb-4b,324e2313-b3ae-47,56de9da2e8644793,upper_echelons,Upper Echelons Theory,10,positive,positive,False,True,False,2026-06-21T17:25:27.505825Z
9b438b8e-42ab-41,f0a26a8d-9ba3-4d,56de9da2e8644793,agency_ceo,Agency Theory (CEO Turnover),10,neutral,positive,False,False,False,2026-06-21T17:25:27.505849Z
0bcf5f75-f6fb-46,9f5f9676-378c-4c,56de9da2e8644793,disruption_ceo,Disruption / Instability View (CEO),10,negative,positive,False,False,False,2026-06-21T17:25:27.505866Z
d19b91ce-b0d4-40,225f8eb8-50b7-42,cf1795ec5a85b1ec,upper_echelons,Upper Echelons Theory,3,neutral,positive,False,False,False,2026-06-21T17:25:28.738688Z
616e8188-fe1c-43,225f8eb8-50b7-42,cf1795ec5a85b1ec,upper_echelons,Upper Echelons Theory,10,neutral,positive,False,False,False,2026-06-21T17:25:29.494123Z
a510d600-918d-4f,f35fc8a6-0545-4a,7c39c3dd0db8fa23,upper_echelons,Upper Echelons Theory,3,neutral,positive,False,False,False,2026-06-22T01:56:51.294717Z
6863a496-5715-47,057ad00d-8f57-45,7c39c3dd0db8fa23,agency_ceo,Agency Theory (CEO Turnover),3,positive,positive,False,True,False,2026-06-22T01:56:51.294731Z
139875b7-1473-43,a2c65b93-ea65-4e,7c39c3dd0db8fa23,disruption_ceo,Disruption / Instability View (CEO),3,negative,positive,False,False,False,2026-06-22T01:56:51.294739Z
ef7b6216-67e3-46,f35fc8a6-0545-4a,7c39c3dd0db8fa23,upper_echelons,Upper Echelons Theory,10,neutral,neutral,True,False,False,2026-06-22T01:56:52.782020Z
4be6fc7f-96b2-4e,057ad00d-8f57-45,7c39c3dd0db8fa23,agency_ceo,Agency Theory (CEO Turnover),10,positive,neutral,True,False,False,2026-06-22T01:56:52.782056Z
acba6fd5-97df-49,a2c65b93-ea65-4e,7c39c3dd0db8fa23,disruption_ceo,Disruption / Instability View (CEO),10,negative,neutral,True,False,False,2026-06-22T01:56:52.782075Z
f3fcbde8-3c2d-4d,1e57a27d-9373-49,fd4f4f86415e96a1,upper_echelons,Upper Echelons Theory,3,neutral,negative,False,False,False,2026-06-22T01:56:54.542505Z
0894670f-3b51-4b,f6b4dca1-e28b-4f,fd4f4f86415e96a1,agency_ceo,Agency Theory (CEO Turnover),3,positive,negative,False,False,False,2026-06-22T01:56:54.542537Z
11970380-a176-43,ee5bf8b4-b0a6-4a,fd4f4f86415e96a1,disruption_ceo,Disruption / Instability View (CEO),3,negative,negative,False,True,False,2026-06-22T01:56:54.542553Z
e596b941-fe37-4c,1e57a27d-9373-49,fd4f4f86415e96a1,upper_echelons,Upper Echelons Theory,10,neutral,negative,False,False,False,2026-06-22T01:56:55.504306Z
a0eb09ab-d908-4c,f6b4dca1-e28b-4f,fd4f4f86415e96a1,agency_ceo,Agency Theory (CEO Turnover),10,positive,negative,False,False,False,2026-06-22T01:56:55.504329Z
355d774f-542e-47,ee5bf8b4-b0a6-4a,fd4f4f86415e96a1,disruption_ceo,Disruption / Instability View (CEO),10,negative,negative,False,True,False,2026-06-22T01:56:55.504344Z
3b6ec4c8-138c-47,7aa9c93d-0388-47,8127058f67599bfe,upper_echelons,Upper Echelons Theory,3,neutral,negative,False,False,False,2026-06-22T01:56:56.687067Z
a095e374-ada4-48,8a54a414-4e95-49,8127058f67599bfe,agency_ceo,Agency Theory (CEO Turnover),3,neutral,negative,False,False,False,2026-06-22T01:56:56.687088Z
5fb987b6-026a-4e,20b794f7-827d-46,8127058f67599bfe,disruption_ceo,Disruption / Instability View (CEO),3,negative,negative,False,True,False,2026-06-22T01:56:56.687102Z
a514577e-2129-4c,7aa9c93d-0388-47,8127058f67599bfe,upper_echelons,Upper Echelons Theory,10,neutral,positive,False,False,False,2026-06-22T01:56:57.897119Z
91d51d89-83c0-41,8a54a414-4e95-49,8127058f67599bfe,agency_ceo,Agency Theory (CEO Turnover),10,neutral,positive,False,False,False,2026-06-22T01:56:57.897136Z
28742169-dbb7-4a,20b794f7-827d-46,8127058f67599bfe,disruption_ceo,Disruption / Instability View (CEO),10,negative,positive,False,False,False,2026-06-22T01:56:57.897148Z
fa1fcf01-930c-46,ead62c73-3e0f-42,a25ce2ddd9e187d3,upper_echelons,Upper Echelons Theory,3,neutral,negative,False,False,False,2026-06-22T01:56:59.265444Z
7934a51f-8a91-4f,888eb5f4-f59a-42,a25ce2ddd9e187d3,agency_ceo,Agency Theory (CEO Turnover),3,negative,negative,False,True,False,2026-06-22T01:56:59.265465Z
3c32ae82-4c71-40,86e7a223-4518-43,a25ce2ddd9e187d3,disruption_ceo,Disruption / Instability View (CEO),3,negative,negative,False,True,False,2026-06-22T01:56:59.265476Z
2be05d6a-0ec6-47,ead62c73-3e0f-42,a25ce2ddd9e187d3,upper_echelons,Upper Echelons Theory,10,neutral,negative,False,False,False,2026-06-22T01:57:00.513023Z
9a4cfcbf-6fab-42,888eb5f4-f59a-42,a25ce2ddd9e187d3,agency_ceo,Agency Theory (CEO Turnover),10,negative,negative,False,True,False,2026-06-22T01:57:00.513049Z
853a143b-228f-47,86e7a223-4518-43,a25ce2ddd9e187d3,disruption_ceo,Disruption / Instability View (CEO),10,negative,negative,False,True,False,2026-06-22T01:57:00.513061Z
a625c688-382b-44,9426cc1a-e03c-4b,3d67a26c781d8e05,synergy_tce,Synergy / Transaction Cost Economics,3,positive,negative,False,False,False,2026-06-22T01:57:01.353208Z
c3860d98-b35c-4c,bb8492c1-3c5c-43,3d67a26c781d8e05,hubris_ma,Hubris Hypothesis (Roll 1986),3,negative,negative,False,True,False,2026-06-22T01:57:01.353229Z
b54cd322-0629-40,8029be9b-f72b-48,3d67a26c781d8e05,entrenchment_ma,Managerial Entrenchment (Agency/M&A),3,negative,negative,False,True,False,2026-06-22T01:57:01.353243Z
77ee68bb-7ee7-4b,9426cc1a-e03c-4b,3d67a26c781d8e05,synergy_tce,Synergy / Transaction Cost Economics,10,positive,negative,False,False,False,2026-06-22T01:57:02.550822Z
9d9a7a1d-f4af-40,bb8492c1-3c5c-43,3d67a26c781d8e05,hubris_ma,Hubris Hypothesis (Roll 1986),10,negative,negative,False,True,False,2026-06-22T01:57:02.550848Z
cf0ac112-423c-44,8029be9b-f72b-48,3d67a26c781d8e05,entrenchment_ma,Managerial Entrenchment (Agency/M&A),10,negative,negative,False,True,False,2026-06-22T01:57:02.550864Z
296d5dab-ad95-42,d506c2ca-d1b2-48,013ef5ff64b4426a,synergy_tce,Synergy / Transaction Cost Economics,3,neutral,negative,False,False,False,2026-06-22T01:57:03.381016Z
228b00df-6d25-4c,33b5ec97-df03-45,013ef5ff64b4426a,hubris_ma,Hubris Hypothesis (Roll 1986),3,negative,negative,False,True,False,2026-06-22T01:57:03.381038Z
b6ac57a5-8c81-49,26ce16fe-21a4-43,013ef5ff64b4426a,entrenchment_ma,Managerial Entrenchment (Agency/M&A),3,negative,negative,False,True,False,2026-06-22T01:57:03.381052Z
59091a13-4431-4f,d506c2ca-d1b2-48,013ef5ff64b4426a,synergy_tce,Synergy / Transaction Cost Economics,10,neutral,positive,False,False,False,2026-06-22T01:57:04.521058Z
e7594423-3cbb-42,33b5ec97-df03-45,013ef5ff64b4426a,hubris_ma,Hubris Hypothesis (Roll 1986),10,negative,positive,False,False,False,2026-06-22T01:57:04.521084Z
87ebff3b-c697-4a,26ce16fe-21a4-43,013ef5ff64b4426a,entrenchment_ma,Managerial Entrenchment (Agency/M&A),10,negative,positive,False,False,False,2026-06-22T01:57:04.521100Z
a5c9b2d6-c495-43,0cc6d694-bc0f-43,d558f9bf492d7230,synergy_tce,Synergy / Transaction Cost Economics,3,positive,positive,False,True,False,2026-06-22T01:57:05.012123Z
7e09133b-e80c-48,a5c7df8d-f7ee-40,d558f9bf492d7230,hubris_ma,Hubris Hypothesis (Roll 1986),3,negative,positive,False,False,False,2026-06-22T01:57:05.012141Z
3c9f4b27-99bf-46,7b122bd9-39ed-4d,d558f9bf492d7230,entrenchment_ma,Managerial Entrenchment (Agency/M&A),3,negative,positive,False,False,False,2026-06-22T01:57:05.012153Z
6d752dd0-74ed-4e,0cc6d694-bc0f-43,d558f9bf492d7230,synergy_tce,Synergy / Transaction Cost Economics,10,positive,neutral,True,False,False,2026-06-22T01:57:06.045420Z
18b67183-e3e0-48,a5c7df8d-f7ee-40,d558f9bf492d7230,hubris_ma,Hubris Hypothesis (Roll 1986),10,negative,neutral,True,False,False,2026-06-22T01:57:06.045443Z
5662b297-ad9d-48,7b122bd9-39ed-4d,d558f9bf492d7230,entrenchment_ma,Managerial Entrenchment (Agency/M&A),10,negative,neutral,True,False,False,2026-06-22T01:57:06.045460Z
554e540e-27b3-45,3806eeca-cb04-4c,cf38459fce3b67fc,synergy_tce,Synergy / Transaction Cost Economics,3,positive,neutral,True,False,False,2026-06-22T01:57:07.405448Z
d7f06be9-e581-4b,825cc533-f8ea-48,cf38459fce3b67fc,hubris_ma,Hubris Hypothesis (Roll 1986),3,negative,neutral,True,False,False,2026-06-22T01:57:07.405480Z
26345e8d-99ee-4f,7cbceafb-a60d-4d,cf38459fce3b67fc,entrenchment_ma,Managerial Entrenchment (Agency/M&A),3,negative,neutral,True,False,False,2026-06-22T01:57:07.405498Z
0619cb55-65d1-4f,3806eeca-cb04-4c,cf38459fce3b67fc,synergy_tce,Synergy / Transaction Cost Economics,10,positive,neutral,True,False,False,2026-06-22T01:57:08.196689Z
3fe9e457-91a0-40,825cc533-f8ea-48,cf38459fce3b67fc,hubris_ma,Hubris Hypothesis (Roll 1986),10,negative,neutral,True,False,False,2026-06-22T01:57:08.196712Z
bfb49d49-b6f9-46,7cbceafb-a60d-4d,cf38459fce3b67fc,entrenchment_ma,Managerial Entrenchment (Agency/M&A),10,negative,neutral,True,False,False,2026-06-22T01:57:08.196726Z
ec1ad2eb-8430-4f,15d5890e-07d0-4c,67493f38ba89875d,synergy_tce,Synergy / Transaction Cost Economics,3,positive,neutral,True,False,False,2026-06-22T01:57:09.419137Z
34cb395e-189c-41,1d3fd6e6-ebc6-4e,67493f38ba89875d,hubris_ma,Hubris Hypothesis (Roll 1986),3,negative,neutral,True,False,False,2026-06-22T01:57:09.419158Z
ca7993c7-25aa-4e,ba608f91-6cdb-42,67493f38ba89875d,entrenchment_ma,Managerial Entrenchment (Agency/M&A),3,negative,neutral,True,False,False,2026-06-22T01:57:09.419171Z
3583d86e-2903-44,15d5890e-07d0-4c,67493f38ba89875d,synergy_tce,Synergy / Transaction Cost Economics,10,positive,neutral,True,False,False,2026-06-22T01:57:10.195700Z
6ae3c38a-33a8-45,1d3fd6e6-ebc6-4e,67493f38ba89875d,hubris_ma,Hubris Hypothesis (Roll 1986),10,negative,neutral,True,False,False,2026-06-22T01:57:10.195731Z
eed8b35d-3f64-47,ba608f91-6cdb-42,67493f38ba89875d,entrenchment_ma,Managerial Entrenchment (Agency/M&A),10,negative,neutral,True,False,False,2026-06-22T01:57:10.195750Z
ba0a3420-8aa8-48,8823152d-0a29-45,a6fb33638c03bb40,synergy_tce,Synergy / Transaction Cost Economics,3,positive,positive,False,True,False,2026-06-22T01:57:11.006337Z
04ef3f95-17f4-46,92c8413b-ccda-48,a6fb33638c03bb40,hubris_ma,Hubris Hypothesis (Roll 1986),3,negative,positive,False,False,False,2026-06-22T01:57:11.006367Z
76d5e486-a39f-4d,cff219da-29e8-46,a6fb33638c03bb40,entrenchment_ma,Managerial Entrenchment (Agency/M&A),3,negative,positive,False,False,False,2026-06-22T01:57:11.006383Z
89cfb7a3-5670-4c,8823152d-0a29-45,a6fb33638c03bb40,synergy_tce,Synergy / Transaction Cost Economics,10,positive,positive,False,True,False,2026-06-22T01:57:12.048815Z
2ec9b6d8-8cd4-40,92c8413b-ccda-48,a6fb33638c03bb40,hubris_ma,Hubris Hypothesis (Roll 1986),10,negative,positive,False,False,False,2026-06-22T01:57:12.048840Z
479fb03b-3583-4c,cff219da-29e8-46,a6fb33638c03bb40,entrenchment_ma,Managerial Entrenchment (Agency/M&A),10,negative,positive,False,False,False,2026-06-22T01:57:12.048856Z
af047a54-bb66-46,dfa8d642-817c-4f,5e854f81ff5856d0,synergy_tce,Synergy / Transaction Cost Economics,3,neutral,negative,False,False,False,2026-06-22T01:57:12.895790Z
18c7376d-674c-40,8ff8c3d9-2b86-4c,5e854f81ff5856d0,hubris_ma,Hubris Hypothesis (Roll 1986),3,negative,negative,False,True,False,2026-06-22T01:57:12.895814Z
23da95cf-3500-4d,a9077fce-e64a-49,5e854f81ff5856d0,entrenchment_ma,Managerial Entrenchment (Agency/M&A),3,negative,negative,False,True,False,2026-06-22T01:57:12.895830Z
fbb5d9fd-2280-4f,dfa8d642-817c-4f,5e854f81ff5856d0,synergy_tce,Synergy / Transaction Cost Economics,10,neutral,negative,False,False,False,2026-06-22T01:57:13.907336Z
c5e0bddf-c66f-44,8ff8c3d9-2b86-4c,5e854f81ff5856d0,hubris_ma,Hubris Hypothesis (Roll 1986),10,negative,negative,False,True,False,2026-06-22T01:57:13.907359Z
853a7944-b8ff-40,a9077fce-e64a-49,5e854f81ff5856d0,entrenchment_ma,Managerial Entrenchment (Agency/M&A),10,negative,negative,False,True,False,2026-06-22T01:57:13.907375Z
c6b8b69d-bc4f-49,3e820110-10ea-48,0551ced64223bc64,synergy_tce,Synergy / Transaction Cost Economics,3,positive,positive,False,True,False,2026-06-22T01:57:15.018516Z
f736df2e-04d7-48,80b9f536-be9b-44,0551ced64223bc64,hubris_ma,Hubris Hypothesis (Roll 1986),3,negative,positive,False,False,False,2026-06-22T01:57:15.018563Z
ede6e060-ad4e-4f,9020cd5b-2f65-4e,0551ced64223bc64,entrenchment_ma,Managerial Entrenchment (Agency/M&A),3,negative,positive,False,False,False,2026-06-22T01:57:15.018584Z
0abffc01-f24d-47,3e820110-10ea-48,0551ced64223bc64,synergy_tce,Synergy / Transaction Cost Economics,10,positive,positive,False,True,False,2026-06-22T01:57:15.782720Z
49b3a839-cdd6-49,80b9f536-be9b-44,0551ced64223bc64,hubris_ma,Hubris Hypothesis (Roll 1986),10,negative,positive,False,False,False,2026-06-22T01:57:15.782746Z
484a6eca-66c4-44,9020cd5b-2f65-4e,0551ced64223bc64,entrenchment_ma,Managerial Entrenchment (Agency/M&A),10,negative,positive,False,False,False,2026-06-22T01:57:15.782762Z
071d1c8c-3ed4-4f,a33d3720-dfa7-40,e586f8d761975200,synergy_tce,Synergy / Transaction Cost Economics,3,positive,neutral,True,False,False,2026-06-22T01:57:16.142311Z
35a68012-2965-42,39c02b62-87ab-45,e586f8d761975200,hubris_ma,Hubris Hypothesis (Roll 1986),3,negative,neutral,True,False,False,2026-06-22T01:57:16.142329Z
dd27b523-3b98-4a,54a2eb53-99a9-4c,e586f8d761975200,entrenchment_ma,Managerial Entrenchment (Agency/M&A),3,negative,neutral,True,False,False,2026-06-22T01:57:16.142341Z
869be54f-feb4-4f,a33d3720-dfa7-40,e586f8d761975200,synergy_tce,Synergy / Transaction Cost Economics,10,positive,positive,False,True,False,2026-06-22T01:57:16.638672Z
6525049d-3549-43,39c02b62-87ab-45,e586f8d761975200,hubris_ma,Hubris Hypothesis (Roll 1986),10,negative,positive,False,False,False,2026-06-22T01:57:16.638689Z
e44d7486-4538-4b,54a2eb53-99a9-4c,e586f8d761975200,entrenchment_ma,Managerial Entrenchment (Agency/M&A),10,negative,positive,False,False,False,2026-06-22T01:57:16.638699Z
655452dc-0464-48,0cbb5a5c-0e2e-44,8106f270b004916f,synergy_tce,Synergy / Transaction Cost Economics,3,positive,positive,False,True,False,2026-06-22T03:52:58.764043Z
050949e7-a8b7-47,5e213360-2c3f-42,8106f270b004916f,hubris_ma,Hubris Hypothesis (Roll 1986),3,negative,positive,False,False,False,2026-06-22T03:52:58.764066Z
ef338e30-e302-4b,0460af5f-c87d-45,8106f270b004916f,entrenchment_ma,Managerial Entrenchment (Agency/M&A),3,negative,positive,False,False,False,2026-06-22T03:52:58.764080Z
0c09babd-3ddf-47,0cbb5a5c-0e2e-44,8106f270b004916f,synergy_tce,Synergy / Transaction Cost Economics,10,positive,positive,False,True,False,2026-06-22T03:53:00.309628Z
b3353db7-dff0-4d,5e213360-2c3f-42,8106f270b004916f,hubris_ma,Hubris Hypothesis (Roll 1986),10,negative,positive,False,False,False,2026-06-22T03:53:00.309652Z
04417a5c-3b67-48,0460af5f-c87d-45,8106f270b004916f,entrenchment_ma,Managerial Entrenchment (Agency/M&A),10,negative,positive,False,False,False,2026-06-22T03:53:00.309667Z
f34ad86c-c711-41,f7beec71-e21b-48,86d672f241cd7312,synergy_tce,Synergy / Transaction Cost Economics,3,positive,positive,False,True,False,2026-06-22T03:53:02.003393Z
3bfa8902-ec8e-40,02e7ddd7-c45a-43,86d672f241cd7312,hubris_ma,Hubris Hypothesis (Roll 1986),3,negative,positive,False,False,False,2026-06-22T03:53:02.003415Z
f148592e-5ed8-45,52f5b09b-1a0f-45,86d672f241cd7312,entrenchment_ma,Managerial Entrenchment (Agency/M&A),3,negative,positive,False,False,False,2026-06-22T03:53:02.003431Z
37b9448d-1121-40,f7beec71-e21b-48,86d672f241cd7312,synergy_tce,Synergy / Transaction Cost Economics,10,positive,positive,False,True,False,2026-06-22T03:53:02.864204Z
2492620c-3cdf-43,02e7ddd7-c45a-43,86d672f241cd7312,hubris_ma,Hubris Hypothesis (Roll 1986),10,negative,positive,False,False,False,2026-06-22T03:53:02.864229Z
2c60c04f-a785-49,52f5b09b-1a0f-45,86d672f241cd7312,entrenchment_ma,Managerial Entrenchment (Agency/M&A),10,negative,positive,False,False,False,2026-06-22T03:53:02.864247Z
7894d8e4-7a03-44,73833543-cd6d-49,4d6bc3e8d5710656,rbv_restructuring,Resource-Based View (Restructuring),3,negative,positive,False,False,False,2026-06-22T03:53:04.379243Z
15f3ef4d-bbc1-42,ba28d967-e3f3-4f,4d6bc3e8d5710656,signaling_restructuring,Signaling Theory (Restructuring),3,positive,positive,False,True,False,2026-06-22T03:53:04.379262Z
a349f0ae-b151-4a,eca1a00b-9d82-45,4d6bc3e8d5710656,stakeholder_restructuring,Stakeholder Theory (Restructuring),3,negative,positive,False,False,False,2026-06-22T03:53:04.379276Z
d651f436-f263-4c,73833543-cd6d-49,4d6bc3e8d5710656,rbv_restructuring,Resource-Based View (Restructuring),10,negative,positive,False,False,False,2026-06-22T03:53:05.467863Z
acdcd8af-5614-43,ba28d967-e3f3-4f,4d6bc3e8d5710656,signaling_restructuring,Signaling Theory (Restructuring),10,positive,positive,False,True,False,2026-06-22T03:53:05.467885Z
85c96e93-98ed-41,eca1a00b-9d82-45,4d6bc3e8d5710656,stakeholder_restructuring,Stakeholder Theory (Restructuring),10,negative,positive,False,False,False,2026-06-22T03:53:05.467898Z
ad117ff4-05c8-47,b666ff14-e11e-48,d2d2207f23ccf85e,rbv_restructuring,Resource-Based View (Restructuring),3,negative,positive,False,False,False,2026-06-22T03:53:06.416575Z
8e9e2ac9-f14b-45,14c2e45c-9d66-4b,d2d2207f23ccf85e,signaling_restructuring,Signaling Theory (Restructuring),3,positive,positive,False,True,False,2026-06-22T03:53:06.416599Z
92b179f6-fd0b-4c,ee45d0e5-8604-4a,d2d2207f23ccf85e,stakeholder_restructuring,Stakeholder Theory (Restructuring),3,negative,positive,False,False,False,2026-06-22T03:53:06.416614Z
d0f2c4d3-d802-46,b666ff14-e11e-48,d2d2207f23ccf85e,rbv_restructuring,Resource-Based View (Restructuring),10,negative,positive,False,False,False,2026-06-22T03:53:07.939992Z
356709e9-d28f-49,14c2e45c-9d66-4b,d2d2207f23ccf85e,signaling_restructuring,Signaling Theory (Restructuring),10,positive,positive,False,True,False,2026-06-22T03:53:07.940019Z
45fb96a7-3dc6-44,ee45d0e5-8604-4a,d2d2207f23ccf85e,stakeholder_restructuring,Stakeholder Theory (Restructuring),10,negative,positive,False,False,False,2026-06-22T03:53:07.940037Z
012859d1-a1af-4d,4bb19cd9-6a59-43,002b0b8392613a8e,rbv_restructuring,Resource-Based View (Restructuring),3,negative,positive,False,False,False,2026-06-22T03:53:08.969309Z
fba6d084-1660-48,4bb19cd9-6a59-43,002b0b8392613a8e,rbv_restructuring,Resource-Based View (Restructuring),10,negative,positive,False,False,False,2026-06-22T03:53:10.394014Z
30ed6330-4a4f-4e,f5427de8-b05d-45,62e6350cc3bb1088,upper_echelons,Upper Echelons Theory,3,neutral,positive,False,False,False,2026-06-27T09:12:04.348287Z
f0cfa4e3-7794-46,47f0a546-1efc-4d,62e6350cc3bb1088,agency_ceo,Agency Theory (CEO Turnover),3,neutral,positive,False,False,False,2026-06-27T09:12:04.348299Z
31f8adb4-a3e2-47,b4c0d5c5-2661-40,62e6350cc3bb1088,disruption_ceo,Disruption / Instability View (CEO),3,negative,positive,False,False,False,2026-06-27T09:12:04.348311Z
f8cf4854-9cb3-48,f5427de8-b05d-45,62e6350cc3bb1088,upper_echelons,Upper Echelons Theory,10,neutral,positive,False,False,False,2026-06-27T09:12:05.465086Z
913fadda-2b1b-4c,47f0a546-1efc-4d,62e6350cc3bb1088,agency_ceo,Agency Theory (CEO Turnover),10,neutral,positive,False,False,False,2026-06-27T09:12:05.465097Z
d0c0bb3b-a394-40,b4c0d5c5-2661-40,62e6350cc3bb1088,disruption_ceo,Disruption / Instability View (CEO),10,negative,positive,False,False,False,2026-06-27T09:12:05.465103Z
10c5940b-b8b3-48,d3fbf4f2-a3b1-45,51694c0d7ba4e064,upper_echelons,Upper Echelons Theory,3,neutral,negative,False,False,False,2026-06-27T09:12:06.688203Z
74098efd-a793-4e,392b116d-a00e-44,51694c0d7ba4e064,agency_ceo,Agency Theory (CEO Turnover),3,neutral,negative,False,False,False,2026-06-27T09:12:06.688214Z
e93f1591-38c3-4c,92df5d95-804c-44,51694c0d7ba4e064,disruption_ceo,Disruption / Instability View (CEO),3,negative,negative,False,True,False,2026-06-27T09:12:06.688220Z
74b46cc8-aa78-45,d3fbf4f2-a3b1-45,51694c0d7ba4e064,upper_echelons,Upper Echelons Theory,10,neutral,negative,False,False,False,2026-06-27T09:12:07.338997Z
a13ec4d1-ebda-46,392b116d-a00e-44,51694c0d7ba4e064,agency_ceo,Agency Theory (CEO Turnover),10,neutral,negative,False,False,False,2026-06-27T09:12:07.339008Z
b34fbfb5-1e52-43,92df5d95-804c-44,51694c0d7ba4e064,disruption_ceo,Disruption / Instability View (CEO),10,negative,negative,False,True,False,2026-06-27T09:12:07.339014Z
699fd60d-43fa-43,60f68007-ebc5-4f,aa8006e14c3a870a,upper_echelons,Upper Echelons Theory,3,neutral,positive,False,False,False,2026-06-27T09:12:08.195038Z
e12ed3e1-f222-41,30981eaa-76be-4c,aa8006e14c3a870a,agency_ceo,Agency Theory (CEO Turnover),3,positive,positive,False,True,False,2026-06-27T09:12:08.195049Z
0516608a-c088-4c,85e3034b-954e-41,aa8006e14c3a870a,disruption_ceo,Disruption / Instability View (CEO),3,negative,positive,False,False,False,2026-06-27T09:12:08.195056Z
24eb19a5-a54f-4b,60f68007-ebc5-4f,aa8006e14c3a870a,upper_echelons,Upper Echelons Theory,10,neutral,positive,False,False,False,2026-06-27T09:12:09.008135Z
b0512e6c-6e3f-43,30981eaa-76be-4c,aa8006e14c3a870a,agency_ceo,Agency Theory (CEO Turnover),10,positive,positive,False,True,False,2026-06-27T09:12:09.008145Z
11e03dac-455e-4a,85e3034b-954e-41,aa8006e14c3a870a,disruption_ceo,Disruption / Instability View (CEO),10,negative,positive,False,False,False,2026-06-27T09:12:09.008152Z
4b1e7261-ffae-49,48d53ca3-9651-4c,b04c8a05dfb0e918,upper_echelons,Upper Echelons Theory,3,neutral,positive,False,False,False,2026-06-27T09:12:09.926922Z
1f934082-bfd8-44,6ab0d43a-65d4-4f,b04c8a05dfb0e918,agency_ceo,Agency Theory (CEO Turnover),3,neutral,positive,False,False,False,2026-06-27T09:12:09.926932Z
356f1395-6aeb-4d,d8d97a04-3290-49,b04c8a05dfb0e918,disruption_ceo,Disruption / Instability View (CEO),3,negative,positive,False,False,False,2026-06-27T09:12:09.926938Z
2501201a-fa6c-42,48d53ca3-9651-4c,b04c8a05dfb0e918,upper_echelons,Upper Echelons Theory,10,neutral,positive,False,False,False,2026-06-27T09:12:10.478246Z
9a32000c-2b6b-46,6ab0d43a-65d4-4f,b04c8a05dfb0e918,agency_ceo,Agency Theory (CEO Turnover),10,neutral,positive,False,False,False,2026-06-27T09:12:10.478255Z
6991ce80-6139-49,d8d97a04-3290-49,b04c8a05dfb0e918,disruption_ceo,Disruption / Instability View (CEO),10,negative,positive,False,False,False,2026-06-27T09:12:10.478261Z
ab9d4d2d-e446-46,f2b2da34-33f6-47,dc2719cf94322b32,upper_echelons,Upper Echelons Theory,3,neutral,negative,False,False,False,2026-06-27T09:12:11.285575Z
05c4e4e8-46a5-45,e6fa9c78-027c-4a,dc2719cf94322b32,agency_ceo,Agency Theory (CEO Turnover),3,positive,negative,False,False,False,2026-06-27T09:12:11.285586Z
c92eaa1d-bf99-48,201d2862-1d99-42,dc2719cf94322b32,disruption_ceo,Disruption / Instability View (CEO),3,negative,negative,False,True,False,2026-06-27T09:12:11.285592Z
eec787f9-02fc-46,f2b2da34-33f6-47,dc2719cf94322b32,upper_echelons,Upper Echelons Theory,10,neutral,negative,False,False,False,2026-06-27T09:12:11.936773Z
57947f33-c6ed-47,e6fa9c78-027c-4a,dc2719cf94322b32,agency_ceo,Agency Theory (CEO Turnover),10,positive,negative,False,False,False,2026-06-27T09:12:11.936783Z
000e3441-0b4a-41,201d2862-1d99-42,dc2719cf94322b32,disruption_ceo,Disruption / Instability View (CEO),10,negative,negative,False,True,False,2026-06-27T09:12:11.936789Z
c8de190b-3475-42,91c01313-f17a-4a,8da5ff00b2017c45,upper_echelons,Upper Echelons Theory,3,positive,positive,False,True,False,2026-06-27T09:12:13.107928Z
ef8dc646-e114-46,5c2fac67-c657-4f,8da5ff00b2017c45,agency_ceo,Agency Theory (CEO Turnover),3,neutral,positive,False,False,False,2026-06-27T09:12:13.107939Z
c7a4c5a7-b766-47,20e5cfde-2f11-49,8da5ff00b2017c45,disruption_ceo,Disruption / Instability View (CEO),3,negative,positive,False,False,False,2026-06-27T09:12:13.107945Z
7e9b4f9e-dcf7-4c,91c01313-f17a-4a,8da5ff00b2017c45,upper_echelons,Upper Echelons Theory,10,positive,positive,False,True,False,2026-06-27T09:12:13.749581Z
ca167ca5-758a-43,5c2fac67-c657-4f,8da5ff00b2017c45,agency_ceo,Agency Theory (CEO Turnover),10,neutral,positive,False,False,False,2026-06-27T09:12:13.749592Z
e3f3d6fc-da09-45,20e5cfde-2f11-49,8da5ff00b2017c45,disruption_ceo,Disruption / Instability View (CEO),10,negative,positive,False,False,False,2026-06-27T09:12:13.749598Z
d4ec5d54-17a5-4b,dd8f111c-5cbc-4b,f18fc675ead9c135,upper_echelons,Upper Echelons Theory,3,neutral,negative,False,False,False,2026-07-02T04:39:32.478609Z
bcce78d6-3efa-4c,c6e82b06-6164-41,f18fc675ead9c135,agency_ceo,Agency Theory (CEO Turnover),3,positive,negative,False,False,False,2026-07-02T04:39:32.478624Z
161f9f58-9c5d-4b,60110ee9-7db2-46,f18fc675ead9c135,disruption_ceo,Disruption / Instability View (CEO),3,negative,negative,False,True,False,2026-07-02T04:39:32.478638Z
d041cfe7-0c59-42,dd8f111c-5cbc-4b,f18fc675ead9c135,upper_echelons,Upper Echelons Theory,10,neutral,negative,False,False,False,2026-07-02T04:39:32.848453Z
3616c98a-09b1-40,c6e82b06-6164-41,f18fc675ead9c135,agency_ceo,Agency Theory (CEO Turnover),10,positive,negative,False,False,False,2026-07-02T04:39:32.848467Z
7e5dafc9-1b89-40,60110ee9-7db2-46,f18fc675ead9c135,disruption_ceo,Disruption / Instability View (CEO),10,negative,negative,False,True,False,2026-07-02T04:39:32.848475Z
257b10f1-f23f-4c,ddc62435-54dd-4b,0ee5fdf5555a5cfb,synergy_tce,Synergy / Transaction Cost Economics,3,positive,negative,False,False,False,2026-07-02T04:39:33.191086Z
93989660-2042-46,5f7d822d-6718-48,0ee5fdf5555a5cfb,hubris_ma,Hubris Hypothesis (Roll 1986),3,negative,negative,False,True,False,2026-07-02T04:39:33.191099Z
463931d6-6652-48,27b765f7-ddc5-48,0ee5fdf5555a5cfb,entrenchment_ma,Managerial Entrenchment (Agency/M&A),3,negative,negative,False,True,False,2026-07-02T04:39:33.191106Z
3f522a56-2223-4c,ddc62435-54dd-4b,0ee5fdf5555a5cfb,synergy_tce,Synergy / Transaction Cost Economics,10,positive,negative,False,False,False,2026-07-02T04:39:33.552349Z
0b24d77c-a85d-46,5f7d822d-6718-48,0ee5fdf5555a5cfb,hubris_ma,Hubris Hypothesis (Roll 1986),10,negative,negative,False,True,False,2026-07-02T04:39:33.552362Z
5d2ccca3-dc24-4d,27b765f7-ddc5-48,0ee5fdf5555a5cfb,entrenchment_ma,Managerial Entrenchment (Agency/M&A),10,negative,negative,False,True,False,2026-07-02T04:39:33.552369Z
89e634e2-4856-48,7153f4e0-41a0-47,0ffaf99d58a8261d,upper_echelons,Upper Echelons Theory,3,neutral,negative,False,False,False,2026-07-02T04:39:34.008731Z
a2fce523-5425-42,e5c0a8b6-8938-4f,0ffaf99d58a8261d,agency_ceo,Agency Theory (CEO Turnover),3,positive,negative,False,False,False,2026-07-02T04:39:34.008743Z
60146008-e851-4d,1d040f49-b8e6-46,0ffaf99d58a8261d,disruption_ceo,Disruption / Instability View (CEO),3,negative,negative,False,True,False,2026-07-02T04:39:34.008750Z
7ccf1124-3956-4e,7153f4e0-41a0-47,0ffaf99d58a8261d,upper_echelons,Upper Echelons Theory,10,neutral,negative,False,False,False,2026-07-02T04:39:34.400456Z
ec066f96-8a38-46,e5c0a8b6-8938-4f,0ffaf99d58a8261d,agency_ceo,Agency Theory (CEO Turnover),10,positive,negative,False,False,False,2026-07-02T04:39:34.400468Z
57c1a359-1619-4f,1d040f49-b8e6-46,0ffaf99d58a8261d,disruption_ceo,Disruption / Instability View (CEO),10,negative,negative,False,True,False,2026-07-02T04:39:34.400475Z
7e0b58ce-3ddb-4d,d3640f42-9163-44,1788b0852c1da1a1,upper_echelons,Upper Echelons Theory,3,neutral,negative,False,False,False,2026-07-02T04:39:34.965805Z
7759aac9-f275-48,886ea9dd-e68e-42,1788b0852c1da1a1,agency_ceo,Agency Theory (CEO Turnover),3,neutral,negative,False,False,False,2026-07-02T04:39:34.965817Z
2be6ae89-3e85-4b,deac8d6f-dfa2-44,1788b0852c1da1a1,disruption_ceo,Disruption / Instability View (CEO),3,negative,negative,False,True,False,2026-07-02T04:39:34.965824Z
f686e9d7-859a-4e,d3640f42-9163-44,1788b0852c1da1a1,upper_echelons,Upper Echelons Theory,10,neutral,negative,False,False,False,2026-07-02T04:39:35.345462Z
4e49704e-f96f-40,886ea9dd-e68e-42,1788b0852c1da1a1,agency_ceo,Agency Theory (CEO Turnover),10,neutral,negative,False,False,False,2026-07-02T04:39:35.345474Z
c76f5787-0f3e-4b,deac8d6f-dfa2-44,1788b0852c1da1a1,disruption_ceo,Disruption / Instability View (CEO),10,negative,negative,False,True,False,2026-07-02T04:39:35.345481Z
909b0d2b-1614-42,6786c0ac-fc5d-4e,26f8dc6c7986342e,synergy_tce,Synergy / Transaction Cost Economics,3,neutral,negative,False,False,False,2026-07-02T04:39:35.880110Z
c3f3cab1-75fa-41,09bef55d-237d-43,26f8dc6c7986342e,hubris_ma,Hubris Hypothesis (Roll 1986),3,negative,negative,False,True,False,2026-07-02T04:39:35.880123Z
e8e829b7-e980-4d,252443ba-4340-4e,26f8dc6c7986342e,entrenchment_ma,Managerial Entrenchment (Agency/M&A),3,negative,negative,False,True,False,2026-07-02T04:39:35.880131Z
0d2be82e-ffa1-48,6786c0ac-fc5d-4e,26f8dc6c7986342e,synergy_tce,Synergy / Transaction Cost Economics,10,neutral,negative,False,False,False,2026-07-02T04:39:36.211685Z
f923dd9d-63d4-42,09bef55d-237d-43,26f8dc6c7986342e,hubris_ma,Hubris Hypothesis (Roll 1986),10,negative,negative,False,True,False,2026-07-02T04:39:36.211698Z
3a0ceaba-411f-47,252443ba-4340-4e,26f8dc6c7986342e,entrenchment_ma,Managerial Entrenchment (Agency/M&A),10,negative,negative,False,True,False,2026-07-02T04:39:36.211705Z
c7bdfd96-2e4f-4d,ee47706d-ee62-46,72bbf2daf7f25e6e,upper_echelons,Upper Echelons Theory,3,positive,negative,False,False,False,2026-07-03T04:25:53.340222Z
473bd28e-2171-45,dcae41b5-4c32-49,72bbf2daf7f25e6e,agency_ceo,Agency Theory (CEO Turnover),3,positive,negative,False,False,False,2026-07-03T04:25:53.340235Z
0f03e6ac-56b7-47,d0d409ce-8d15-4e,72bbf2daf7f25e6e,disruption_ceo,Disruption / Instability View (CEO),3,negative,negative,False,True,False,2026-07-03T04:25:53.340247Z
7771177f-6e9e-4f,ee47706d-ee62-46,72bbf2daf7f25e6e,upper_echelons,Upper Echelons Theory,10,positive,negative,False,False,False,2026-07-03T04:25:53.695715Z
21f2f41c-492a-42,dcae41b5-4c32-49,72bbf2daf7f25e6e,agency_ceo,Agency Theory (CEO Turnover),10,positive,negative,False,False,False,2026-07-03T04:25:53.695728Z
e125755f-dac0-4a,d0d409ce-8d15-4e,72bbf2daf7f25e6e,disruption_ceo,Disruption / Instability View (CEO),10,negative,negative,False,True,False,2026-07-03T04:25:53.695736Z
3f924934-cefe-4b,30832f79-a7f7-4d,f17dcdda44d53920,upper_echelons,Upper Echelons Theory,3,neutral,positive,False,False,False,2026-07-07T04:33:00.581031Z
168bb28d-70ff-4e,dca2e4ff-d040-48,f17dcdda44d53920,agency_ceo,Agency Theory (CEO Turnover),3,positive,positive,False,True,False,2026-07-07T04:33:00.581044Z
5594da17-f8b3-42,bc282aa4-1f87-40,f17dcdda44d53920,disruption_ceo,Disruption / Instability View (CEO),3,negative,positive,False,False,False,2026-07-07T04:33:00.581057Z
c503c4f3-9942-4f,30832f79-a7f7-4d,f17dcdda44d53920,upper_echelons,Upper Echelons Theory,10,neutral,positive,False,False,False,2026-07-07T04:33:00.934320Z
f0ad004c-159a-4a,dca2e4ff-d040-48,f17dcdda44d53920,agency_ceo,Agency Theory (CEO Turnover),10,positive,positive,False,True,False,2026-07-07T04:33:00.934332Z
1dbe143d-52dd-49,bc282aa4-1f87-40,f17dcdda44d53920,disruption_ceo,Disruption / Instability View (CEO),10,negative,positive,False,False,False,2026-07-07T04:33:00.934340Z
c27d14fe-768d-4f,04d2afa2-a36b-4d,1c9c1b67ffb62a8d,upper_echelons,Upper Echelons Theory,3,neutral,positive,False,False,False,2026-07-07T04:33:01.480352Z
75123436-717d-43,756bbc23-fe75-45,1c9c1b67ffb62a8d,agency_ceo,Agency Theory (CEO Turnover),3,neutral,positive,False,False,False,2026-07-07T04:33:01.480364Z
75e69f87-89b6-41,e94aab83-a47f-46,1c9c1b67ffb62a8d,disruption_ceo,Disruption / Instability View (CEO),3,neutral,positive,False,False,False,2026-07-07T04:33:01.480371Z
848c96a0-09e0-4a,04d2afa2-a36b-4d,1c9c1b67ffb62a8d,upper_echelons,Upper Echelons Theory,10,neutral,positive,False,False,False,2026-07-07T04:33:01.762134Z
4352b35b-dac4-43,756bbc23-fe75-45,1c9c1b67ffb62a8d,agency_ceo,Agency Theory (CEO Turnover),10,neutral,positive,False,False,False,2026-07-07T04:33:01.762145Z
45fb8ab3-238c-49,e94aab83-a47f-46,1c9c1b67ffb62a8d,disruption_ceo,Disruption / Instability View (CEO),10,neutral,positive,False,False,False,2026-07-07T04:33:01.762152Z
ed89c288-aaa4-4f,0b6be8b6-8135-42,f62300c21e22a4b2,upper_echelons,Upper Echelons Theory,3,neutral,negative,False,False,False,2026-07-07T04:33:02.131192Z
35375f34-7c5a-4e,675aefb4-410b-47,f62300c21e22a4b2,agency_ceo,Agency Theory (CEO Turnover),3,positive,negative,False,False,False,2026-07-07T04:33:02.131203Z
f6206077-aa3b-4a,f9f0c278-63fa-46,f62300c21e22a4b2,disruption_ceo,Disruption / Instability View (CEO),3,negative,negative,False,True,False,2026-07-07T04:33:02.131211Z
9669dac0-e76d-49,0b6be8b6-8135-42,f62300c21e22a4b2,upper_echelons,Upper Echelons Theory,10,neutral,negative,False,False,False,2026-07-07T04:33:02.453749Z
fb55c936-9cc1-4c,675aefb4-410b-47,f62300c21e22a4b2,agency_ceo,Agency Theory (CEO Turnover),10,positive,negative,False,False,False,2026-07-07T04:33:02.453761Z
b2c0a411-5ae6-4e,f9f0c278-63fa-46,f62300c21e22a4b2,disruption_ceo,Disruption / Instability View (CEO),10,negative,negative,False,True,False,2026-07-07T04:33:02.453768Z
ec63bef1-faa6-44,7d2a8094-40e4-44,a7780b57e7331f1f,upper_echelons,Upper Echelons Theory,3,positive,negative,False,False,False,2026-07-08T03:54:31.832319Z
f9c0cfa2-2504-4f,27d65ee7-51ac-4e,a7780b57e7331f1f,agency_ceo,Agency Theory (CEO Turnover),3,positive,negative,False,False,False,2026-07-08T03:54:31.832332Z
adde629d-1079-43,0d79fc28-5ca1-44,a7780b57e7331f1f,disruption_ceo,Disruption / Instability View (CEO),3,negative,negative,False,True,False,2026-07-08T03:54:31.832344Z
02c7d73f-db9c-46,7d2a8094-40e4-44,a7780b57e7331f1f,upper_echelons,Upper Echelons Theory,10,positive,negative,False,False,False,2026-07-08T03:54:32.106210Z
dbc2795a-2dfc-4c,27d65ee7-51ac-4e,a7780b57e7331f1f,agency_ceo,Agency Theory (CEO Turnover),10,positive,negative,False,False,False,2026-07-08T03:54:32.106221Z
c0bef99b-c00b-43,0d79fc28-5ca1-44,a7780b57e7331f1f,disruption_ceo,Disruption / Instability View (CEO),10,negative,negative,False,True,False,2026-07-08T03:54:32.106228Z
ed2b6bb1-e854-4f,ffb28370-d6fb-47,75252a426624e105,rbv_restructuring,Resource-Based View (Restructuring),3,negative,negative,False,True,False,2026-07-10T04:33:37.009251Z
f5d26f1e-2248-41,364a4807-e30c-4c,75252a426624e105,signaling_restructuring,Signaling Theory (Restructuring),3,positive,negative,False,False,False,2026-07-10T04:33:37.009266Z
2775d1bb-a066-42,2adecdbf-aa37-46,75252a426624e105,stakeholder_restructuring,Stakeholder Theory (Restructuring),3,negative,negative,False,True,False,2026-07-10T04:33:37.009279Z
055c939f-9ef3-4e,ffb28370-d6fb-47,75252a426624e105,rbv_restructuring,Resource-Based View (Restructuring),10,negative,negative,False,True,False,2026-07-10T04:33:37.368759Z
41b8809b-5aee-4f,364a4807-e30c-4c,75252a426624e105,signaling_restructuring,Signaling Theory (Restructuring),10,positive,negative,False,False,False,2026-07-10T04:33:37.368771Z
8b6be1a7-5727-49,2adecdbf-aa37-46,75252a426624e105,stakeholder_restructuring,Stakeholder Theory (Restructuring),10,negative,negative,False,True,False,2026-07-10T04:33:37.368779Z
320f71ec-52e0-45,653329f0-5f33-43,21536b3b57a35f90,upper_echelons,Upper Echelons Theory,3,neutral,negative,False,False,False,2026-07-11T03:51:43.005179Z
707627a7-e9f5-49,40ac3b05-a03b-49,21536b3b57a35f90,agency_ceo,Agency Theory (CEO Turnover),3,positive,negative,False,False,False,2026-07-11T03:51:43.005192Z
ae4c07e8-e66e-4c,dbf8040e-12f0-46,21536b3b57a35f90,disruption_ceo,Disruption / Instability View (CEO),3,negative,negative,False,True,False,2026-07-11T03:51:43.005205Z
cbb3b220-ea8d-45,653329f0-5f33-43,21536b3b57a35f90,upper_echelons,Upper Echelons Theory,10,neutral,negative,False,False,False,2026-07-11T03:51:43.412262Z
394105d2-0b02-4b,40ac3b05-a03b-49,21536b3b57a35f90,agency_ceo,Agency Theory (CEO Turnover),10,positive,negative,False,False,False,2026-07-11T03:51:43.412273Z
e857ce4c-5e18-4f,dbf8040e-12f0-46,21536b3b57a35f90,disruption_ceo,Disruption / Instability View (CEO),10,negative,negative,False,True,False,2026-07-11T03:51:43.412280Z
937305bd-4b2d-47,1de397d7-632e-4f,2be5c1e5bcad5e17,upper_echelons,Upper Echelons Theory,3,neutral,positive,False,False,False,2026-07-11T03:51:43.797195Z
3a4d71d5-64c2-4e,cf8536f5-7301-4f,2be5c1e5bcad5e17,agency_ceo,Agency Theory (CEO Turnover),3,positive,positive,False,True,False,2026-07-11T03:51:43.797207Z
8579b10b-dac5-48,9dceaf38-9871-44,2be5c1e5bcad5e17,disruption_ceo,Disruption / Instability View (CEO),3,negative,positive,False,False,False,2026-07-11T03:51:43.797214Z
16262530-31c9-40,1de397d7-632e-4f,2be5c1e5bcad5e17,upper_echelons,Upper Echelons Theory,10,neutral,positive,False,False,False,2026-07-11T03:51:44.224452Z
d7667f02-0341-4d,cf8536f5-7301-4f,2be5c1e5bcad5e17,agency_ceo,Agency Theory (CEO Turnover),10,positive,positive,False,True,False,2026-07-11T03:51:44.224464Z
7b7e7de3-ac1f-4c,9dceaf38-9871-44,2be5c1e5bcad5e17,disruption_ceo,Disruption / Instability View (CEO),10,negative,positive,False,False,False,2026-07-11T03:51:44.224471Z
89378375-e106-49,ce4eb920-d69b-43,0e3d1e8f2a0c5d6d,upper_echelons,Upper Echelons Theory,3,neutral,neutral,True,False,False,2026-07-14T03:44:37.154281Z
fe6e2f2c-5fd3-4f,7874bef1-73c7-4b,0e3d1e8f2a0c5d6d,agency_ceo,Agency Theory (CEO Turnover),3,positive,neutral,True,False,False,2026-07-14T03:44:37.154295Z
b091567a-50e4-4d,c7ae47d2-baa0-42,0e3d1e8f2a0c5d6d,disruption_ceo,Disruption / Instability View (CEO),3,negative,neutral,True,False,False,2026-07-14T03:44:37.154307Z
6f27abd0-06ea-4a,ce4eb920-d69b-43,0e3d1e8f2a0c5d6d,upper_echelons,Upper Echelons Theory,10,neutral,neutral,True,False,False,2026-07-14T03:44:37.508617Z
71ea3095-5175-42,7874bef1-73c7-4b,0e3d1e8f2a0c5d6d,agency_ceo,Agency Theory (CEO Turnover),10,positive,neutral,True,False,False,2026-07-14T03:44:37.508630Z
028b89f4-41d2-4f,c7ae47d2-baa0-42,0e3d1e8f2a0c5d6d,disruption_ceo,Disruption / Instability View (CEO),10,negative,neutral,True,False,False,2026-07-14T03:44:37.508638Z
607de70c-6000-4e,14cb2a55-adf1-4d,c94640a688d4b46d,upper_echelons,Upper Echelons Theory,3,neutral,negative,False,False,False,2026-07-14T03:44:38.050726Z
40cd9e9d-fad9-4d,93ac9f93-167d-49,c94640a688d4b46d,agency_ceo,Agency Theory (CEO Turnover),3,positive,negative,False,False,False,2026-07-14T03:44:38.050740Z
73c85ba3-c9dc-46,de9fcde6-f111-41,c94640a688d4b46d,disruption_ceo,Disruption / Instability View (CEO),3,negative,negative,False,True,False,2026-07-14T03:44:38.050748Z
25ba97a0-e1b3-44,14cb2a55-adf1-4d,c94640a688d4b46d,upper_echelons,Upper Echelons Theory,10,neutral,negative,False,False,False,2026-07-14T03:44:38.350144Z
d20c9527-b22d-47,93ac9f93-167d-49,c94640a688d4b46d,agency_ceo,Agency Theory (CEO Turnover),10,positive,negative,False,False,False,2026-07-14T03:44:38.350156Z
74abd263-e0ac-4f,de9fcde6-f111-41,c94640a688d4b46d,disruption_ceo,Disruption / Instability View (CEO),10,negative,negative,False,True,False,2026-07-14T03:44:38.350164Z
331bad92-8219-4b,3a17cfe8-85fe-45,34ee787419c51d5c,synergy_tce,Synergy / Transaction Cost Economics,3,neutral,negative,False,False,False,2026-07-14T03:44:38.866523Z
bb7ab530-cb5d-4a,276e82f1-f127-44,34ee787419c51d5c,hubris_ma,Hubris Hypothesis (Roll 1986),3,negative,negative,False,True,False,2026-07-14T03:44:38.866535Z
b41e6144-972c-40,f9545f0b-ab96-4f,34ee787419c51d5c,entrenchment_ma,Managerial Entrenchment (Agency/M&A),3,negative,negative,False,True,False,2026-07-14T03:44:38.866543Z
2cd297b1-a387-45,3a17cfe8-85fe-45,34ee787419c51d5c,synergy_tce,Synergy / Transaction Cost Economics,10,neutral,negative,False,False,False,2026-07-14T03:44:39.218531Z
88fdd071-6546-47,276e82f1-f127-44,34ee787419c51d5c,hubris_ma,Hubris Hypothesis (Roll 1986),10,negative,negative,False,True,False,2026-07-14T03:44:39.218544Z
27582434-1475-42,f9545f0b-ab96-4f,34ee787419c51d5c,entrenchment_ma,Managerial Entrenchment (Agency/M&A),10,negative,negative,False,True,False,2026-07-14T03:44:39.218551Z
9cd31afd-f24f-41,d09407f6-ab82-4f,95c6d22b20f21ec7,upper_echelons,Upper Echelons Theory,3,positive,positive,False,True,False,2026-07-15T03:44:59.207185Z
572eecb4-7586-49,20a33c5b-559b-45,95c6d22b20f21ec7,agency_ceo,Agency Theory (CEO Turnover),3,neutral,positive,False,False,False,2026-07-15T03:44:59.207198Z
d80b18ba-dc93-4b,5951e126-1856-40,95c6d22b20f21ec7,disruption_ceo,Disruption / Instability View (CEO),3,negative,positive,False,False,False,2026-07-15T03:44:59.207211Z
f68470ff-32b6-4b,d09407f6-ab82-4f,95c6d22b20f21ec7,upper_echelons,Upper Echelons Theory,10,positive,positive,False,True,False,2026-07-15T03:44:59.785819Z
fff5cbda-a042-4b,20a33c5b-559b-45,95c6d22b20f21ec7,agency_ceo,Agency Theory (CEO Turnover),10,neutral,positive,False,False,False,2026-07-15T03:44:59.785831Z
8f5297d6-1e5d-4f,5951e126-1856-40,95c6d22b20f21ec7,disruption_ceo,Disruption / Instability View (CEO),10,negative,positive,False,False,False,2026-07-15T03:44:59.785839Z
9dba2753-11ac-4d,e151a043-bf66-41,883bab787d8f18f2,upper_echelons,Upper Echelons Theory,3,neutral,negative,False,False,False,2026-07-16T03:47:05.264870Z
1e1edd59-fe69-42,a843251f-1dd8-42,883bab787d8f18f2,agency_ceo,Agency Theory (CEO Turnover),3,neutral,negative,False,False,False,2026-07-16T03:47:05.264884Z
a1fdac67-c9ed-47,8599609f-585f-4a,883bab787d8f18f2,disruption_ceo,Disruption / Instability View (CEO),3,negative,negative,False,True,False,2026-07-16T03:47:05.264897Z
c7c7fb6d-7b4f-49,e151a043-bf66-41,883bab787d8f18f2,upper_echelons,Upper Echelons Theory,10,neutral,negative,False,False,False,2026-07-16T03:47:05.652781Z
1a6545db-1748-45,a843251f-1dd8-42,883bab787d8f18f2,agency_ceo,Agency Theory (CEO Turnover),10,neutral,negative,False,False,False,2026-07-16T03:47:05.652793Z
add9efbe-0afd-41,8599609f-585f-4a,883bab787d8f18f2,disruption_ceo,Disruption / Instability View (CEO),10,negative,negative,False,True,False,2026-07-16T03:47:05.652801Z
653be641-e637-4b,0b5ba845-11f0-43,0d8e879c8b4d0340,upper_echelons,Upper Echelons Theory,3,neutral,neutral,True,False,False,2026-07-17T03:46:45.375968Z
4269d793-220a-44,d0ab9956-dfa7-4e,0d8e879c8b4d0340,agency_ceo,Agency Theory (CEO Turnover),3,positive,neutral,True,False,False,2026-07-17T03:46:45.375981Z
174389b2-c8d8-43,c517873e-19e4-44,0d8e879c8b4d0340,disruption_ceo,Disruption / Instability View (CEO),3,negative,neutral,True,False,False,2026-07-17T03:46:45.376017Z
875310bd-66ff-46,0b5ba845-11f0-43,0d8e879c8b4d0340,upper_echelons,Upper Echelons Theory,10,neutral,neutral,True,False,False,2026-07-17T03:46:45.739040Z
98b8ac89-fa72-40,d0ab9956-dfa7-4e,0d8e879c8b4d0340,agency_ceo,Agency Theory (CEO Turnover),10,positive,neutral,True,False,False,2026-07-17T03:46:45.739053Z
cb1f4cab-c896-44,c517873e-19e4-44,0d8e879c8b4d0340,disruption_ceo,Disruption / Instability View (CEO),10,negative,neutral,True,False,False,2026-07-17T03:46:45.739060Z
94bd9077-fd6a-4e,a9b536d4-eddc-4d,8b9c10074ed9d3fc,upper_echelons,Upper Echelons Theory,3,positive,negative,False,False,False,2026-07-17T03:46:46.163066Z
0318ef5f-46b2-49,65b8c713-c26a-46,8b9c10074ed9d3fc,agency_ceo,Agency Theory (CEO Turnover),3,neutral,negative,False,False,False,2026-07-17T03:46:46.163079Z
d727419e-3684-4d,f812da50-7eab-4e,8b9c10074ed9d3fc,disruption_ceo,Disruption / Instability View (CEO),3,negative,negative,False,True,False,2026-07-17T03:46:46.163087Z
af7d4596-a391-44,a9b536d4-eddc-4d,8b9c10074ed9d3fc,upper_echelons,Upper Echelons Theory,10,positive,negative,False,False,False,2026-07-17T03:46:46.496600Z
70abd573-ece8-4e,65b8c713-c26a-46,8b9c10074ed9d3fc,agency_ceo,Agency Theory (CEO Turnover),10,neutral,negative,False,False,False,2026-07-17T03:46:46.496612Z
31c1e9c2-f376-44,f812da50-7eab-4e,8b9c10074ed9d3fc,disruption_ceo,Disruption / Instability View (CEO),10,negative,negative,False,True,False,2026-07-17T03:46:46.496619Z
23da7a00-33a8-46,49bd735b-2b3e-4b,e22b5cae1049cdb1,upper_echelons,Upper Echelons Theory,3,neutral,negative,False,False,False,2026-07-17T03:46:47.027023Z
1dee9a1b-c041-4d,8210af29-1733-43,e22b5cae1049cdb1,agency_ceo,Agency Theory (CEO Turnover),3,positive,negative,False,False,False,2026-07-17T03:46:47.027035Z
abc461e1-aff3-4b,3ed647ee-d649-49,e22b5cae1049cdb1,disruption_ceo,Disruption / Instability View (CEO),3,negative,negative,False,True,False,2026-07-17T03:46:47.027042Z
b9e76c9f-c49e-4b,49bd735b-2b3e-4b,e22b5cae1049cdb1,upper_echelons,Upper Echelons Theory,10,neutral,negative,False,False,False,2026-07-17T03:46:47.368281Z
4ecb8e90-2239-4b,8210af29-1733-43,e22b5cae1049cdb1,agency_ceo,Agency Theory (CEO Turnover),10,positive,negative,False,False,False,2026-07-17T03:46:47.368293Z
29e9223b-2f86-4a,3ed647ee-d649-49,e22b5cae1049cdb1,disruption_ceo,Disruption / Instability View (CEO),10,negative,negative,False,True,False,2026-07-17T03:46:47.368301Z
74d351c7-4d58-4a,db991540-239c-47,a51c82e3a77e2f89,upper_echelons,Upper Echelons Theory,3,neutral,neutral,True,False,False,2026-07-17T03:46:47.825455Z
f12cdb66-446e-4d,3568b795-295f-49,a51c82e3a77e2f89,agency_ceo,Agency Theory (CEO Turnover),3,positive,neutral,True,False,False,2026-07-17T03:46:47.825466Z
0cdf66a0-9531-41,94fe2c0e-de3f-46,a51c82e3a77e2f89,disruption_ceo,Disruption / Instability View (CEO),3,negative,neutral,True,False,False,2026-07-17T03:46:47.825472Z
a73748c2-61c5-40,db991540-239c-47,a51c82e3a77e2f89,upper_echelons,Upper Echelons Theory,10,neutral,neutral,True,False,False,2026-07-17T03:46:48.175279Z
c6f8fceb-d3a7-4d,3568b795-295f-49,a51c82e3a77e2f89,agency_ceo,Agency Theory (CEO Turnover),10,positive,neutral,True,False,False,2026-07-17T03:46:48.175290Z
49fa4850-2b2c-48,94fe2c0e-de3f-46,a51c82e3a77e2f89,disruption_ceo,Disruption / Instability View (CEO),10,negative,neutral,True,False,False,2026-07-17T03:46:48.175296Z
48e1ea70-01c9-44,e93e72c7-3d30-49,5456db18144fba6a,synergy_tce,Synergy / Transaction Cost Economics,3,positive,neutral,True,False,False,2026-07-17T03:46:48.671187Z
b4be718a-8e0d-47,23b46f4e-63c7-4b,5456db18144fba6a,hubris_ma,Hubris Hypothesis (Roll 1986),3,neutral,neutral,True,False,False,2026-07-17T03:46:48.671198Z
39d1765e-d7b8-4c,bfc68be9-f839-42,5456db18144fba6a,entrenchment_ma,Managerial Entrenchment (Agency/M&A),3,neutral,neutral,True,False,False,2026-07-17T03:46:48.671205Z
68e20c75-e181-43,e93e72c7-3d30-49,5456db18144fba6a,synergy_tce,Synergy / Transaction Cost Economics,10,positive,neutral,True,False,False,2026-07-17T03:46:48.929697Z
722b4469-7901-4d,23b46f4e-63c7-4b,5456db18144fba6a,hubris_ma,Hubris Hypothesis (Roll 1986),10,neutral,neutral,True,False,False,2026-07-17T03:46:48.929708Z
8aae2b0b-cfc6-4e,bfc68be9-f839-42,5456db18144fba6a,entrenchment_ma,Managerial Entrenchment (Agency/M&A),10,neutral,neutral,True,False,False,2026-07-17T03:46:48.929715Z
c1025b8a-471e-4b,af8f200e-3505-44,9279fb14ddf83e1b,upper_echelons,Upper Echelons Theory,3,neutral,positive,False,False,False,2026-07-18T03:41:47.841596Z
8f7b1e9e-91cc-41,b2c00a45-6405-4f,9279fb14ddf83e1b,agency_ceo,Agency Theory (CEO Turnover),3,neutral,positive,False,False,False,2026-07-18T03:41:47.841609Z
38e474e0-11c0-4b,9df982ad-61d9-4d,9279fb14ddf83e1b,disruption_ceo,Disruption / Instability View (CEO),3,negative,positive,False,False,False,2026-07-18T03:41:47.841622Z
2a5c1674-ae7c-42,af8f200e-3505-44,9279fb14ddf83e1b,upper_echelons,Upper Echelons Theory,10,neutral,positive,False,False,False,2026-07-18T03:41:48.153170Z
d4d5a1e5-9aaa-48,b2c00a45-6405-4f,9279fb14ddf83e1b,agency_ceo,Agency Theory (CEO Turnover),10,neutral,positive,False,False,False,2026-07-18T03:41:48.153183Z
b35109f4-ecd5-47,9df982ad-61d9-4d,9279fb14ddf83e1b,disruption_ceo,Disruption / Instability View (CEO),10,negative,positive,False,False,False,2026-07-18T03:41:48.153190Z
fc9eb7ca-337b-47,8728dbe4-182b-41,fabed3eb2bede620,upper_echelons,Upper Echelons Theory,3,neutral,positive,False,False,False,2026-07-18T03:41:48.572059Z
aade6d25-6469-44,d56af503-bc41-4c,fabed3eb2bede620,agency_ceo,Agency Theory (CEO Turnover),3,positive,positive,False,True,False,2026-07-18T03:41:48.572071Z
42ae36e6-76f2-4a,ba971c41-934b-46,fabed3eb2bede620,disruption_ceo,Disruption / Instability View (CEO),3,negative,positive,False,False,False,2026-07-18T03:41:48.572078Z
599cb498-5325-43,8728dbe4-182b-41,fabed3eb2bede620,upper_echelons,Upper Echelons Theory,10,neutral,positive,False,False,False,2026-07-18T03:41:48.823338Z
b29dc130-898b-43,d56af503-bc41-4c,fabed3eb2bede620,agency_ceo,Agency Theory (CEO Turnover),10,positive,positive,False,True,False,2026-07-18T03:41:48.823351Z
cd1e99ae-1456-44,ba971c41-934b-46,fabed3eb2bede620,disruption_ceo,Disruption / Instability View (CEO),10,negative,positive,False,False,False,2026-07-18T03:41:48.823358Z
5c6e5caf-3e2b-45,6cb053a0-0d2d-43,4a023857f4623f96,upper_echelons,Upper Echelons Theory,3,neutral,neutral,True,False,False,2026-07-18T03:41:49.277048Z
28a09c29-7769-43,db585ca9-e8cf-4c,4a023857f4623f96,agency_ceo,Agency Theory (CEO Turnover),3,positive,neutral,True,False,False,2026-07-18T03:41:49.277058Z
a8168d21-2bbf-40,fa43eb8e-4f9a-48,4a023857f4623f96,disruption_ceo,Disruption / Instability View (CEO),3,negative,neutral,True,False,False,2026-07-18T03:41:49.277065Z
0cacffbc-779a-45,6cb053a0-0d2d-43,4a023857f4623f96,upper_echelons,Upper Echelons Theory,10,neutral,neutral,True,False,False,2026-07-18T03:41:49.619283Z
683773c0-a471-4d,db585ca9-e8cf-4c,4a023857f4623f96,agency_ceo,Agency Theory (CEO Turnover),10,positive,neutral,True,False,False,2026-07-18T03:41:49.619293Z
6e0af4b7-5686-46,fa43eb8e-4f9a-48,4a023857f4623f96,disruption_ceo,Disruption / Instability View (CEO),10,negative,neutral,True,False,False,2026-07-18T03:41:49.619300Z
1f342242-dee6-43,668241e6-d405-4e,5f2fb14e2d04ba3f,synergy_tce,Synergy / Transaction Cost Economics,3,positive,positive,False,True,False,2026-07-21T03:56:11.498121Z
0e31d6bb-d59e-41,7da9f23c-a091-41,5f2fb14e2d04ba3f,hubris_ma,Hubris Hypothesis (Roll 1986),3,negative,positive,False,False,False,2026-07-21T03:56:11.498136Z
d41746b5-cce8-49,58cbf37b-6442-4e,5f2fb14e2d04ba3f,entrenchment_ma,Managerial Entrenchment (Agency/M&A),3,negative,positive,False,False,False,2026-07-21T03:56:11.498148Z
84da344a-f320-4c,668241e6-d405-4e,5f2fb14e2d04ba3f,synergy_tce,Synergy / Transaction Cost Economics,10,positive,positive,False,True,False,2026-07-21T03:56:12.055997Z
7e219955-2147-43,7da9f23c-a091-41,5f2fb14e2d04ba3f,hubris_ma,Hubris Hypothesis (Roll 1986),10,negative,positive,False,False,False,2026-07-21T03:56:12.056010Z
250e4d8e-918b-4f,58cbf37b-6442-4e,5f2fb14e2d04ba3f,entrenchment_ma,Managerial Entrenchment (Agency/M&A),10,negative,positive,False,False,False,2026-07-21T03:56:12.056017Z
e2179998-e548-45,e29b47e9-2abd-40,c39176dbafac6ff7,upper_echelons,Upper Echelons Theory,3,neutral,negative,False,False,False,2026-07-21T03:56:12.928886Z
bc230d6f-e8a9-40,b9499be8-3a71-4b,c39176dbafac6ff7,agency_ceo,Agency Theory (CEO Turnover),3,positive,negative,False,False,False,2026-07-21T03:56:12.928900Z
e8befcc2-3ef7-4b,dfbf5ac2-dfc7-48,c39176dbafac6ff7,disruption_ceo,Disruption / Instability View (CEO),3,negative,negative,False,True,False,2026-07-21T03:56:12.928907Z
4bb320b2-2a15-47,e29b47e9-2abd-40,c39176dbafac6ff7,upper_echelons,Upper Echelons Theory,10,neutral,negative,False,False,False,2026-07-21T03:56:13.552924Z
883aeef2-bd84-45,b9499be8-3a71-4b,c39176dbafac6ff7,agency_ceo,Agency Theory (CEO Turnover),10,positive,negative,False,False,False,2026-07-21T03:56:13.552936Z
e03b3a17-6dfe-44,dfbf5ac2-dfc7-48,c39176dbafac6ff7,disruption_ceo,Disruption / Instability View (CEO),10,negative,negative,False,True,False,2026-07-21T03:56:13.552943Z
